{
    "/" 			: ["html", "pages/main.html"],
    "/download"     : ["html", "pages/downloadTheBook.html"],
    "/test"         : ["html", "pages/passTheTest.html"],
    "/selection"    : ["html", "pages/selectionOfBooks.html"],
    "/act"          : ["html", "pages/readAndLevel.html"],
    "/result"       : ["html", "pages/testResults.html"],
	"/read"         : ["html", "pages/read.html"],
    "/r/s1.css"     : ["css", "res/styles/headerStyle.css"],
    "/r/s2.css"     : ["css", "res/styles/bodyStyle.css"],
    "/r/s3.css"     : ["css", "res/styles/testPageStyle.css"],
    "/r/s4.css"     : ["css", "res/styles/readerStyle.css"],
    "/r/s5.css"     : ["css", "res/styles/selectionOfBooks.css"],
    "/r/p1.png"     : ["img", "res/images/logo.png"],
    "/r/p2.png"     : ["img", "res/images/dash.png"],
    "/r/p3.png"     : ["img", "res/images/laptopAndPhone.png"],
    "/r/p4.png"     : ["img", "res/images/bookLoading.png"],
    "/r/p5.png"     : ["img", "res/images/grammarAnalysis.png"],
    "/r/p6.png"     : ["img", "res/images/selectionLiterature.png"],
    "/r/p7.png"     : ["img", "res/images/translationWords.png"],
    "/r/p8.png"     : ["img", "res/images/testLevel.png"],
    "/r/p9.png"     : ["img", "res/images/levelAnalysis.png"],
    "/r/p10.png"    : ["img", "res/images/14678236.png"],
    "/r/p11.png"    : ["img", "res/images/24532765.png"],
    "/r/p12.png"    : ["img", "res/images/36478234.png"],
    "/r/p13.png"    : ["img", "res/images/42398478.png"],
    "/r/p14.png"    : ["img", "res/images/04lab7kvh1292429184.jpg"],
    "/r/p15.png"    : ["img", "res/images/a1c7e1eca4f5ebfdb58abe1248d0f9c1.jpg"],
    "/r/p16.png"    : ["img", "res/images/rusalka-andersena-risunki-vladimir-nenov_9.jpg"],
    "/r/p17.png"    : ["img", "res/images/84ea0e2939e94e6cb951f1a7cd956e38.jpg"],
    "/r/p18.png"    : ["img", "res/images/i_013.jpg"],
    "/r/p19.png"    : ["img", "res/images/002315.jpg"],
    "/r/p20.png"    : ["img", "res/images/bp.jpeg"],
    "/r/p21.png"    : ["img", "res/images/i_005.jpg"],
    "/r/p22.png"    : ["img", "res/images/7226d82b4b784c84c55734bf70e5469d--hp-lovecraft-mountains.jpg"],
    "/r/f1.ttf"     : ["fnt", "res/fonts/Montserrat-Bold.ttf"],
    "/r/f2.ttf"     : ["fnt", "res/fonts/Montserrat-Medium.ttf"],
    "/r/f3.ttf"     : ["fnt", "res/fonts/Montserrat-Light.ttf"],
    "/r/f4.ttf"     : ["fnt", "res/fonts/Montserrat-Regular.ttf"],
    "/r/j1.js"      : ["js", "res/scripts/downloadTheBookScript.js"],
    "/r/j2.js"      : ["js", "res/scripts/levelDetection.js"],
    "/r/j3.js"      : ["js", "res/scripts/testCheck.js"],
    "/r/j4.js"      : ["js", "res/scripts/viewScript.js"],
    "/r/j5.js"      : ["js", "res/scripts/downloadCards.js"],
    "/r/m1.mp3"     : ["mp3", "res/mp3/beginner_elementary.mp3"],
    "/r/m2.mp3"     : ["mp3", "res/mp3/pre_intermediate_intermediate.mp3"],
    "/r/m3.mp3"     : ["mp3", "res/mp3/upper_intermediate_advanced.mp3"]
}
